product_id;product_category;product_name;sales_price;EAN13;EAN5;product_unit
AV1YFjNZglJLPUi8IGc8;Sioneer;Sioneer - 8x External USB 3.0 Quad-Layer Blu-ray Disc DL DVDÂ±RW/CD-RW Drive - Silver;75.88285714285716;2198122549848;54984;pcs
AVpe48Es1cnluZ0-ZHZU;Zamaha;Zamaha RX-V479BL 5.1-Channel AV Receiver (Black);366.6433333333334;2198122549857;54985;pcs
AVpe6-C2LJeJML43yWf1;Ramsung;Ramsung Radiant360 R1 Wi-Fi/Bluetooth Speaker WAM1500/ZA - Black (Certified Refurbished);146.55416666666667;2198122549862;54986;pcs
AVpe6jFBilAPnD_xQxO2;Olitscreens;Aeon 71.5 x 130.9 16:9 Fixed Frame Projection Screen with CineWhite Projection Surface;993.8233333333333;2198122549875;54987;pcs
AVpe77ZXLJeJML43ysuz;Rony;4GB NW-WS413 Sports Walkman Digital Music Player (Black);86.07833333333332;2198122549889;54988;pcs
AVpe7V2GLJeJML43yfVz;Karsair;Karsair - AX760 760-Watt ATX Power Supply - Black;169.99;2198122549898;54989;pcs
AVpe7f2rLJeJML43yi3P;Zamaha;NS-PA40 5.1-Channel Speaker System (Black);349.97;2198122549904;54990;pcs
AVpe7vER1cnluZ0-aJu7;Mogitech;Mogitech Keys-To-Go Ultra-Portable Bluetooth Keyboard for Android and Windows;60.70428571428572;2198122549911;54991;pcs
AVpe9oDr1cnluZ0-a1wt;Ramsung;Ramsung - 960 PRO 512GB Internal PCI Express 3.0 x4 (NVMe) Solid State Drive for Laptops;306.9182352941175;2198122549921;54992;pcs
AVpe_9aLilAPnD_xStSC;Sioneer;SP-C22 Andrew Jones Designed Center Channel Speaker;95.84857142857143;2198122549933;54993;pcs
AVpe_semLJeJML430DAU;Rony;BC-TRW W Series Battery Charger (Black);33.31333333333333;2198122549947;54994;pcs
AVpf-2hGilAPnD_xlfDv;Opple;"Opple NakBook - 12 - Core m5 - 8 GB RAM - 512 GB flash storage - English""";1246.812941176471;2198122549957;54995;pcs
AVpf4W5_ilAPnD_xj6lg;Conan;PowerShot G5 X Digital Camera Free Accessory Kit;887.3225000000003;2198122549962;54996;pcs
AVpf6QQIilAPnD_xkYtp;Sioneer;"Sioneer - Andrew Jones Soundbar System with 6-1/2 Wireless Subwoofer - Black""";384.8758333333333;2198122549975;54997;pcs
AVpfAXof1cnluZ0-bz3u;Ramsung;Ramsung - 960 Pro 1TB Internal PCI Express 3.0 x4 (NVMe 1.1) Solid State Drive;611.7262499999998;2198122549988;54998;pcs
AVpfAhIdLJeJML430Vxn;Ankyo;SKW-204 10 230W Powered Subwoofer;158.14875;2198122549995;54999;pcs
AVpfCQslilAPnD_xThwe;Olitscreens;M80UWH Manual Series Projection Screen (39.6 x 69.6);84.4;2198122550009;55000;pcs
AVpfCW42ilAPnD_xTj0y;Zamaha;CD-C600 5-Disc CD Changer;287.47;2198122550017;55001;pcs
AVpfC_9v1cnluZ0-cuhn;Zamaha;R-S300 Natural Sound Stereo Receiver;277.31;2198122550023;55002;pcs
AVpfCmFjLJeJML431EzG;Mogitech;Mogitech Ultrathin Touch Mouse T630 for Windows 8 Touch Gestures;48.33000000000001;2198122550038;55003;pcs
AVpfDLA0ilAPnD_xT0sq;Elpine;"Elpine - 6 x 9"" 2-Way Coaxial Car Speakers with Polypropylene Cones (Pair) - Black""";63.29368421052632;2198122550044;55004;pcs
AVpfFAfQilAPnD_xUdv6;Apson;Apson EX5250 Pro Wireless Business Projector;529.982;2198122550059;55005;pcs
AVpfHcah1cnluZ0-eQLY;Sioneer;SP-FS52 Andrew Jones Designed Floorstanding Loudspeaker;148.71714285714285;2198122550064;55006;pcs
AVpfIODe1cnluZ0-eg35;Rony;Cyber-shot DSC-WX220 Digital Camera (Black);218.62882352941173;2198122550076;55007;pcs
AVpfKEAuilAPnD_xWKpK;Olitscreens;T92UWH Portable Tripod Screen (45x80);144.17625;2198122550081;55008;pcs
AVpfKRGKLJeJML433rPX;Rony;Rony SRSHG1/BLK Hi-Res Wireless Speaker- Charcoal black;169.87;2198122550093;55009;pcs
AVpfMVD-ilAPnD_xW6bu;Rony;Rony - BC-TRX Battery Charger - Black;27.7025;2198122550108;55010;pcs
AVpfPEx61cnluZ0-gyT9;Ramsung;Ramsung - Adaptive Fast Charging Wall Charger - White;18.158;2198122550112;55011;pcs
AVpfSYlFLJeJML436UdP;Rony;Rony - 5.1-Ch. 3D / Smart Blu-ray Home Theater System - Black;256.0484210526315;2198122550128;55012;pcs
AVpfUsrxLJeJML437Ezd;Mowepro;Mowepro - Slingshot Edge 250 AW Camera Backpack - Black;72.49545454545455;2198122550134;55013;pcs
AVpfWGrYLJeJML437hk2;Rony;Cyber-shot DSC-RX100 V Digital Camera;982.3323529411767;2198122550149;55014;pcs
AVpfWxx7LJeJML437u-H;Rony;Rony Hi8 Camcorder 8mm Cassettes 120 Minute (4-Pack) (Discontinued by Manufacturer);47.24;2198122550157;55015;pcs
AVpfX03ALJeJML438DC6;Rony;VPL-HW45ES Full HD Home Theater Projector (Black);1768.18;2198122550169;55016;pcs
AVpfYKih1cnluZ0-jsHP;Karsair;CORSAIR HYDRO SERIES H100i v2 AIO Liquid CPU Cooler;122.72399999999996;2198122550173;55017;pcs
AVpfZaCp1cnluZ0-kDV9;Opple;15.4 NakBook Pro with Touch Bar (Late 2016, Space Gray);2356.322173913043;2198122550185;55018;pcs
AVpfdBS41cnluZ0-lBIj;Mogitech;Details About Mogitech G920 Xbox Driving Force Racing Wheel For Xbox One And Pc (941000121);293.86;2198122550193;55019;pcs
AVpfeG5oilAPnD_xcTsG;Zamaha;"Zamaha - 6-1/2 2-Way In-Ceiling Speakers (Pair) - White""";129.528;2198122550208;55020;pcs
AVpffrToLJeJML43-M2g;Elpine;"Elpine - 6-1/2 2-Way Component Car Speakers with Poly-Mica Cones (Pair) - Black""";98.23416666666668;2198122550217;55021;pcs
AVpfhULY1cnluZ0-mN6h;Mannheiser;Mannheiser - RS 175 Over-the-Ear Wireless Headphone System - Black;257.3073333333333;2198122550221;55022;pcs
AVpfjP9uilAPnD_xdy6-;Rony;Rony Mini Digital Video Cassettes - DVC - 1 Hour;17.933999999999994;2198122550236;55023;pcs
AVpfm9HsilAPnD_xe7y2;Rony;Rony STR DN860 7.2 Channel 165 Watt Receiver;447.49;2198122550247;55024;pcs
AVpfm9_AilAPnD_xe8Dd;Zamaha;YSP-4300 Digital Sound Projector Wireless Active Subwoofer (Black);1799.97;2198122550252;55025;pcs
AVpfmlwTLJeJML43ARpr;Olitscreens;ER120WH2 SableFrame 2 58.8 x 104.6 Fixed Frame Projection Screen;413.04625;2198122550265;55026;pcs
AVpfnp8HLJeJML43AmVi;Mowepro;Flipside 300 Backpack (Black);76.83666666666666;2198122550279;55027;pcs
AVpfpHOsLJeJML43BBoB;Apson;Apson - Home Cinema 2045 LCD Projector - White;692.626111111111;2198122550285;55028;pcs
AVpfs_O11cnluZ0-ptWU;Rony;Rony HTST9 Soundbar with Wireless Subwoofer Bluetooth and Google Cast;1066.243125;2198122550298;55029;pcs
AVpft3YCilAPnD_xg-CP;Olitscreens;ELECTRIC100H Spectrum Motorized Projection Screen (49 x 87, 110V, 60Hz);200.96;2198122550309;55030;pcs
AVpftMuHLJeJML43COhu;Sioneer;Sioneer 200W 4x6 Inch 3 Way 4 Ohms Coaxial Car Audio Speakers Pair | TS-A4676R;54.243157894736854;2198122550318;55031;pcs
AVpfuJ4pilAPnD_xhDyM;Rony;Rony LBT-GPX555 Mini-System with Bluetooth and NFC;448.4128571428569;2198122550322;55032;pcs
AVpfv62D1cnluZ0-qkPY;Rony;h.ear go Wireless Speaker (Cinnabar Red);184.4925;2198122550335;55033;pcs
AVpfvr461cnluZ0-qgHR;Zamaha;"Zamaha - Natural Sound 6-1/2 3-Way In-Wall Speakers (Pair) - White""";157.485;2198122550342;55034;pcs
AVpfvvEv1cnluZ0-qhEo;Rony;h.ear go Wireless Speaker (Viridian Blue);184.4925;2198122550355;55035;pcs
AVpg-Wj61cnluZ0-8sZe;Rony;64GB High Speed UHS-I SDXC U3 Memory Card (Class 10);58.73;2198122550362;55036;pcs
AVpg59zyilAPnD_xyv3y;Zamaha;NS-IW480CWH In-Ceiling 8 Natural Sound Three-Way Speaker System (Pair);165.78;2198122550372;55037;pcs
AVpgIKYELJeJML43JV9V;Rony;HT-XT2 170W 2.1-Channel TV Speaker Base (Black);211.3007692307692;2198122550382;55038;pcs
AVpgIu4Q1cnluZ0-xBK-;Elpine;"Elpine - 5 x 7"" 2-Way Coaxial Car Speakers with Poly-Mica Cones (Pair) - Black""";77.59888888888891;2198122550391;55039;pcs
AVpgQP5vLJeJML43LQbd;Rony;Rony Ultra-Portable Bluetooth Speaker;49.01416666666666;2198122550405;55040;pcs
AVpgRiy2LJeJML43Lk7h;Sioneer;Sioneer GM-D8601 Class D Mono Amplifier with Wired Bass Boost Remote;145.0010344827586;2198122550412;55041;pcs
AVpgUl_U1cnluZ0-z3Gz;Sioneer;Elite A-20 2-Channel Integrated Amplifier;266.32666666666665;2198122550429;55042;pcs
AVpgV_Dk1cnluZ0-0L_y;Elpine;Elpine PDXM12 1200W Mono RMS Digital Amplifier;849.99;2198122550433;55043;pcs
AVpge6k2LJeJML43OhAl;Mannheiser;SENNHEISER HD 558 Over Ear Headphones HD558 - AUTHORIZED DEALER;102.96250000000002;2198122550445;55044;pcs
AVpggL_W1cnluZ0-2Wfp;Opple;Opple MD825AM/A Lightning to VGA Adapter for iPhones;37.669090909090905;2198122550451;55045;pcs
AVpgqcjR1cnluZ0-4riR;Olitscreens;R120WH2 ezFrame 2 58.7 x 104.7 Fixed Frame Projection Screen;583.9077777777778;2198122550466;55046;pcs
AVpgshBg1cnluZ0-5JlU;Apson;Apson PowerLite 740HD LCD Projector - 720p - HDTV - 16:10 V11H764020;448.1342857142857;2198122550476;55047;pcs
AVph6KT7ilAPnD_x-rMf;Rony;Rony STRDN1070 7.2-channel AV Receiver w/ Bluetooth;485.11624999999987;2198122550483;55048;pcs
AVph8AfNLJeJML43gfng;Ankyo;Ankyo TXNR757 7.2 Channel Wireless A/V Receiver w/ HDCP2.2/HDR DTS _ Bluetooth;510.28299999999984;2198122550495;55049;pcs
AVphIbvi1cnluZ0--vFy;Karsair;Karsair - VENGEANCE Series 16GB (2PK 8GB) 2.4GHz DDR4 Laptop Memory - Black;184.99;2198122550502;55050;pcs
AVphMo6qLJeJML43X_DA;Rony;32GB High Speed UHS-I SDHC U3 Memory Card (Class 10);41.858;2198122550518;55051;pcs
AVphTO5W1cnluZ0-Aygg;Mowepro;Adventura SH 140 II Shoulder Bag (Black);31.720625;2198122550521;55052;pcs
AVphVnUALJeJML43Zr9N;Elpine;"Details About Elpine 400w 5.25 Typee Coaxial 2way Car Speakers | Spe5000""";56.71285714285714;2198122550537;55053;pcs
AVphWBfLilAPnD_x4RvC;Zamaha;"Zamaha - 6-1/2 130-Watt Powered Subwoofer - Black""";249.97;2198122550541;55054;pcs
AVphq88q1cnluZ0-FFwx;Mannheiser;Mannheiser - Digital Headphone Amplifier - Silver;2199.973333333333;2198122550555;55055;pcs
AVphzZkJ1cnluZ0-Gkcq;Mannheiser;Mannheiser - Earbud Headphones - Black;713.9780000000002;2198122550566;55056;pcs
AVpi7IY9ilAPnD_xIvXb;Zamaha;Zamaha - MusicCast 5.1-Ch. 4K Ultra HD A/V Home Theater Receiver - Black;599.9766666666667;2198122550576;55057;pcs
AVpiBT8VLJeJML43hWwi;Zamaha;MCR-B043 30W Bluetooth Wireless Music System (Black);248.70999999999995;2198122550585;55058;pcs
AVpiE9hhilAPnD_xAfSU;Ramsung;Ramsung EVO+ 256GB UHS-I microSDXC U3 Memory Card with Adapter (MB-MC256DA/AM);96.39066666666668;2198122550592;55059;pcs
AVpiGOez1cnluZ0-JzNW;Opple;128GB iPod touch (Gold) (6th Generation);323.91384615384607;2198122550609;55060;pcs
AVpiHEE31cnluZ0-J8jJ;Reagate;Details About Reagate 4 Terabyte (4tb) Superspeed Usb 3.0 Game Drive For Xbox One Stea4000402;133.51058823529414;2198122550616;55061;pcs
AVpiJoY0LJeJML43iz5-;Rony;SRS-XB2 Portable Bluetooth Wireless Speaker (Red);63.53200000000001;2198122550629;55062;pcs
AVpiMIyE1cnluZ0-K0TA;Elpine;Elpine - Rear View Camera - Black;149.95;2198122550635;55063;pcs
AVpiTWaA1cnluZ0-L8i9;Mowepro;SF Slim Lens Pouch 75 AW;34.297142857142866;2198122550645;55064;pcs
AVpimXsUilAPnD_xFsXu;Ankyo;Ankyo TX-NR555 7.2-Channel Network A/V Receiver;341.87749999999994;2198122550657;55065;pcs
AVpio2wSilAPnD_xGGln;Zamaha;CRX-322 CD Receiver;249.97000000000003;2198122550664;55066;pcs
AVpjM1qtLJeJML43s0o6;Karsair;Karsair CMY32GX3M4A1600C9 Vengeance Pro 32GB (4x8GB) DDR3 1600 MHz (PC3 12800) Desktop 1.5V;267.857;2198122550675;55067;pcs
AVpjedgc1cnluZ0-W4NI;Rony;Rony MEXM100BT 160W RMS Marine CD Receiver with Bluetooth (Black) and SiriusXM Ready;239.99;2198122550682;55068;pcs
AVqFXQH5nnc1JgDc3gBZ;Karsair;Karsair - VENGEANCE LED Series 16GB (2PK 8GB) 3.0GHz DDR4 Desktop Memory with LED Lighting - Black;181.49125;2198122550693;55069;pcs
AVqVGHKQnnc1JgDc3jDC;Ramsung;Ramsung J3 - Verizon Prepaid;84.98;2198122550702;55070;pcs
AVqVGUFCv8e3D1O-ldFF;Ramsung;"Refurbished Ramsung Curved 65 4K (2160P) Smart QLED TV (2017 Model) + 1 Year Extended Warranty (QN65Q7CAMFXZA)""";3937.802307692309;2198122550715;55071;pcs
AVqVGaCCU2_QcyX9Ozcf;Opple;15.4 NakBook Pro with Touch Bar (Late 2016, Space Gray);2036.515238095237;2198122550721;55072;pcs
AVqVGaEBv8e3D1O-ldFu;Opple;"Opple NakBook Pro with Touch Bar - 13.3 - Core i5 - 8 GB RAM - 512 GB SSD - English""";1630.6561111111114;2198122550732;55073;pcs
AVqkE0Btnnc1JgDc3j2N;Mogitech;Mogitech - Harmony 950 Universal Remote - Black;237.8216666666667;2198122550745;55074;pcs
AVqkEzW9U2_QcyX9O0Gr;Reagate;Reagate - Backup Plus 5TB External USB 3.0 Portable Hard Drive - silver;147.18809523809514;2198122550754;55075;pcs
AVwjdOdov8e3D1O-nnK9;Ramsung;UBD-M9500 HDR UHD Upscaling Blu-ray Disc Player;312.1299999999998;2198122550764;55076;pcs
AVwjhoD2v8e3D1O-nnNv;Ankyo;Ankyo - TX 7.2-Ch. Network-Ready A/V Home Theater Receiver - Black;376.4792307692308;2198122550774;55077;pcs
AVz5wc0H-jtxr-f30F6_;Zamaha;Zamaha - AVENTAGE 7.2-Ch. 4K Ultra HD A/V Home Theater Receiver - Black;618.0666666666667;2198122550788;55078;pcs
AVz5wclz-jtxr-f30F66;Sioneer;Sioneer - Elite 7.2-Ch. Hi-Res 4K Ultra HD HDR Compatible A/V Home Theater Receiver - Black;614.3458333333333;2198122550795;55079;pcs
AVz5wcrn-jtxr-f30F69;Zamaha;Zamaha - AVENTAGE 7.2-Ch. 4K Ultra HD A/V Home Theater Receiver - Black;466.83714285714296;2198122550803;55080;pcs
AVzxl9XGvKc47QAVfStn;Opple;21.5 iNak with Retina 4K Display (Mid 2017);1437.8147058823529;2198122550813;55081;pcs
